No,Name,Phone,Matched,DB_ID,DB_FirstName,DB_LastName,DB_Address
,,,,,,,
1,Aba Yemanebirhan,+14697676563,true,373,Yemane,Gidey,1621 S Jupiter Rd, Garland, TX, 75041
2,Abeba Abreham,+14692337296,false,,,,
3,Abeba Desalegn,+14694922535,false,,,,
4,Abeba Mesfin,+14698266815,false,,,,
5,Abeba Tesfay,+19729006022,false,,,,
6,Abeba G/meskel ,+14258292220,false,,,,
7,Abrha Daniel,+16418192266,false,,,,
8,Abraham Haile,+14693601356,true,85,Dn Abrham,Haile,186 w Autumn Hill Bluff, Lavon, TEXAS, 75166
9,Abraham Kidanu,+14692580028,false,,,,
10,Abraham Woldegebriel,+12542293622,true,188,Abraham,Woldegabrale,
11,Abrehet Haile Gebru,+12148593303,true,189,Abrehet,Ghebru,
12,Addisu Dagnehegn,+14692453356,false,,,,
13,Adisu Tesfay,+15717769576,false,,,,
14,Adonias Tadesse,+14695442155,false,,,,
15,Adonay,+14699676625,false,,,,
16,Afewerk Gebremedhin,+12145806184,true,330,Afework,Gebremedhin,465 Rockstream rd, Lavon, TX, 75166
17,Alem Gessese,+19792130808,true,190,Alem,Gesesse,
18,Alem Kesete,+14695070365,false,,,,
19,Alem Kidane,+14699529112,true,158,Alem,Kidane,
20,Alem Tesfay,+12147579142,true,248,Kalayou,Gebregziabher,
21,Alemayoh Abraha Solomon,+12145516276,false,,,,
22,Alemayoh Brhane,+14686771983,false,,,,
23,Alemseged Kassa,+12142643195,false,,,,
24,Alex Hadera,+14693284148,false,,,,
25,Alexander Beyne,+14696028515,true,342,Alexander,Teklu,TX
26,Almaz Berhane's Mother,+14693479591,false,,,,
27,Almaz G/Egziher,+19728093269,true,89,Almaz,Gebremariam,
28,Almaz Gebremedhin,+14693309511,false,,,,
29,Almaz Gebreyohannes,+14694497739,true,335,Almaz,Nigusse,3205 Admiral Dr, Wylie, TX, 75098
30,Almaz Tsefay,+14699393483,true,94,Almaz,Tesfay,
31,Aman Fikadu,+12062344888,true,193,Aman,Fikadu,
32,Aman Hagos,+14696539888,true,194,Aman,Hagos,
33,Amanuel G/kirstos,+13612208499,true,224,Emmanuel,Gebrekirstos,
34,Amanuel Negash,+12675889402,false,,,,
35,Amha Hailey ,+19728242436,true,339,Amha,Hailey,TX
36,Amarech Aregawi,+14696846197,false,,,,
37,Amelewerk Negash,+19727438047,true,340,Amelework,Desta,TX
38,Ananya,+14695448081,false,,,,
39,Andom Berhe,+17202167616,true,105,Andom,Berhe,
40,Aowlnset Tsehaye,+19729529332,false,,,,
41,Araya Gebre,+14695444972,false,,,,
42,Arefayne Guangul,+19452250443,true,197,Arefayne,Guangul,
43,Deacon Aron,+12066659106,false,,,,
44,Asefash Berhe,+12145193332,true,31,Asefash,Berhe,TBD, TBD, TX, 75000
45,Asmait Techan,+14695858044,false,,,,
46,Assefa Beyene,+14692329533,false,,,,
47,Aster Fitsum,+14694222131,false,,,,
48,Atsede Girmay,+14693500293,true,200,Atsede,Girmay,
49,Atsede G/hiwot,+13236335685,true,159,Atsede,Gebrehiwot,
50,Atakilti Alemayehu,+12142836128,false,,,,
51,Awot G/silass,+14087752431,true,201,Awote,G/Silass,
52,Azeb Abera,+19723704850,true,202,Azeb,Abera,
53,Azeb G/michael,+14699461183,false,,,,
54,Azeb Haile,+12147430074,false,,,,
55,Azeb Ray,+12144366140,false,,,,
56,Azeb Tesfay,+19724158910,true,47,Azeb,Tesfay,TBD, TBD, TX, 75000
57,Azeb Tsige,+19725090571,false,,,,
58,Beletu,+14698103830,true,161,Beletu,Waleliqn,
59,Belay Gessesew,+12145584405,true,203,Belay,Gesessew,
60,Berhan,+15128885846,true,146,Brhan,abraha,
61,Berhane Alemayehu,+19722075155,false,,,,
62,Berhane Demoz ,+12145426598,false,,,,
63,Berhane Hagos,+12147171615,false,,,,
64,Berhane H/selasie,+14692334703,true,208,Birhane,Mebratu,
65,Berihu Gidey (Araya),+12145004823,true,204,Berihu,Gidey,
66,Bethlehem Haile,+12143923736,true,329,Bethlehem,Haile,363 Rosemery Drive, Wylie, TX, 75098
67,Bilen Bezabeh,+14693639651,true,206,Bilen,Bezabeh,
68,Biniam Kalayu,+14692350438,false,,,,
69,Birihti Beyene ,+12146030244,false,,,,
70,Birkti G/mariam ,+12142129800,false,,,,
71,Biruk Gebre,+15852870931,true,121,Biruk,Gebru,
72,Biruk Tilahun,+12149947533,false,,,,
73,Biruktawit Leake,+12147134040,false,,,,
74,Bisrat,+14045435685,true,140,Bisrat,Gebresilassie,
75,Bisrat Meles,+12148452359,true,209,Bisrat,Meles,
76,Bisrat Mezgebe,+17187758634,true,156,besrat,mezgebe,9310 locarno dr, Dallas, TX, 75243
77,Bitewat Aynalem,+19723756058,false,,,,
78,Bitewat Berhane,+12145470819,false,,,,
79,Chanyalew Girmay,+14698783472,true,322,Chanyalew,Girmay,305 waterwood, Wylie, Texas, 75098
80,Daniel Fanta,+12145761177,false,,,,
81,Daniel G/micheal,+12143175303,false,,,,
82,Daniel Hadera,+12679754005,false,,,,
83,Daniel Kidane,+16172853106,true,213,Daniel,Kidane,
84,Daniel Kiros,+12145781177,false,,,,
85,Dawit,+14695457256,false,,,,
86,Dawit Abraham,+12144507647,true,143,Dawit,Abraham,2714 dove Creek Dr , Rowlett , Texas, 75088
87,Dawit Fshaye,+15129389057,true,145,Dawit,Fshaye,
88,Dawit Kidane,+14638785963,false,,,,
89,Dawit Tekle,+19723307411,true,215,Dawit,Tekle,
90,Dawit Yifter,+14699078229,true,3,Dawit,Yifter,12540 pond cypress ln, Frisco, TX, 75035
91,Dawit Assefa Zeweldi,+18603368010,true,183,Dawit,Zeweldi,920 Chestnut Ct, Murphy, TX, 75094
92,Degefu Gebreyesuse,+12145750141,false,,,,
93,Degefu Kassahun,+14699392174,true,97,Degef,Kasahun,
94,Degu,+19406347173,true,216,Degu,Kassa,
95,Dehab Mohammed,+12143155477,false,,,,
96,Desta Gebregzeabher,+14693606627,false,,,,
97,Desta Zelelew,+12142140687,false,,,,
98,Desta Weldegiorgis,+16418191591,true,72,Desta,Weldegiorgis,3302 Willena Rd, Melissa, TX, 75454
99,Ermias Abay,+19728498457,false,,,,
100,Eden Kassa,+12146796610,false,,,,
101,Eden Welday,+12147899778,false,,,,
102,Eden Gebru,+14087577260,false,,,,
103,Eden Gesesse,+16173198953,false,,,,
104,Eden Leake,+14694413415,false,,,,
105,Eden Mengesha,+12145177079,false,,,,
106,Eleni Gebru,+14694716779,true,303,Tesfay,Yikuno,
107,Eleni Teklu,+15103568730,true,218,Dirar,Aregawi,
108,Eleni Berhe,+12147131851,true,221,Ellene,Berhe,
109,Elsa Arlington,+18179197313,false,,,,
110,Elsa Haile,+14692317046,false,,,,
111,Elsa Kasa,+14697747998,false,,,,
112,Elsa Niguse,+14693488679,false,,,,
113,Elsa Tesfay,+12145431754,true,222,Elsa,Tesfay,
114,Elsa Zerihun,+14696735505,false,,,,
115,Elsabeth Ayalew,+14695545153,true,323,Elsabeth,Shiferaw,TX
116,Ephrem W.giorgis,+12147721579,true,130,Ephrem,Weldegiorgis,
117,Erimias Abraha,+19728498457,false,,,,
118,Eshetu Berhe,+12147992485,true,334,Eshetu,Berhe,1310 Iron Dal Dr, Wylie, TX, 75098
119,Essayas Tewelde,+12146630744,false,,,,
120,Eyerus (church),+14692307589,false,,,,
121,Eyerusalem Tadesse,+12146682424,false,,,,
122,Eyerusalem Hagos,+14692716322,false,,,,
123,Eyrusalem Yohannes,+14695446733,false,,,,
124,Fana G/mariam,+14696056873,false,,,,
125,Fessehaye Woldu,+12147155884,false,,,,
126,Fettlework Tesfay,+12146869025,false,,,,
127,Fikrte Merkato,+14694322094,false,,,,
128,Fireweyni Adhanom,+12147708403,false,,,,
129,Fireweyni Fiseha,+14692306671,true,9,Firewoini,Weldu,TBD, TBD, TX, 75000
130,Fireweyni Kassa,+12147323884,true,192,Alemseged,Kassa,
131,Fireweyni Semere,+18177303694,false,,,,
132,Fireweyni Habte,+14697672070,false,,,,
133,Fish  Berhane,+15598016235,false,,,,
134,Fitsum Biadgelegn,+14698675429,true,48,Fetsum,Biadgelgne,609 Sunningdale, Richardson, TX, 75081
135,Fitsum Mesfin,+14694946034,false,,,,
136,Fitsum Nebabu Gezahegn,+14694345723,false,,,,
137,Fitsum Gezahegn,+14697561632,false,,,,
138,Fitsum Woldu,+12147701440,false,,,,
139,Fiyori Gebrelibanos,+14696617607,false,,,,
140,Freweyni Tesfay,+14692262926,true,219,Elias,Fekresellasie,
141,Gebre ,+12143368098,false,,,,
142,Gebreaftse Gebremedhin,+12146060459,false,,,,
143,Gebregiorgis G/kidan,+12142810985,true,235,Ghebreghiorgis,Ghebrekidan,
144,Gebrehiwet Fili,+14692039460,true,6,Gebrehiwot,Fuli,6071 Villege Bend Dr Apt 308, Dallas, TX, 75206
145,Gebrehiwet Gebreyesus,+14693248542,false,,,,
146,Gebrehiwot Hintsa ,+12145584475,false,,,,
147,Gebrehiwot G/mariam,+15854859628,true,227,Gebrehewot,Gebremariam,
148,Gebrekiros W/gebriel,+12146826754,false,,,,
149,Gebremaskel Tesfamichael,+12142151360,true,95,Gebre,Tesfamichael,
150,Gebremedhin Araya,+14692125884,true,228,Gebremedhin,Araya,
151,Gebreyesus Kahsay,+14695287614,false,,,,
152,Gebrezgabiher Marcos ,+12149719646,false,,,,
153,Gebru Kahsay,+12149918015,false,,,,
154,Genet,+14695447340,true,231,Genet,Tesfay,
155,Genet Beyene Teklu,+12144047890,false,,,,
156,Genet Hagos,+12144555643,false,,,,
157,Genet G/amlak,+12145523120,true,230,Genet,Gebreamlak,
158,Genet G/hiwot's wife,+14694944586,true,356,Genet,Kidane,TX
159,Genet Habtu,+12144543833,false,,,,
160,Genet Mengisteab,+14694933952,true,304,Tesfaye,Araya,
161,Genet Gebrewubet,+14694654313,true,116,Genet,Weletewahid,
162,Genet T Habtu,+19725999686,false,,,,
163,George,+19727045987,false,,,,
164,Gessessow Seged,+14695565918,false,,,,
165,Gezae Mana,+19729788395,true,234,Gezayi,Mana,
166,Gezhagen Gebre,+12145977083,false,,,,
167,Giotom Abreha,+19727777408,false,,,,
168,Gnbow Worki,+14698181645,false,,,,
169,Goitom Abraha,+19722777408,false,,,,
170,Habte Dr.,+14696679896,false,,,,
171,Hadas Berhe ,+12145174838,false,,,,
172,Hadas Fili,+14692337735,true,25,Hadas,Tsehaye,TBD, TBD, TX, 75000
173,Hadera Abera Abay,+12149230813,false,,,,
174,Hadera Gidey,+16822212646,true,22,Hadera,Gidey,TBD, TBD, TX, 75000
175,Haftom Abay,+12407819422,false,,,,
176,Haftu Tafere,+12147141051,false,,,,
177,Hagos B. Haile ,+13036481190,false,,,,
178,Haile G/tsadik,+14695140343,false,,,,
179,Haile Gebretsadik,+14698789852,false,,,,
180,Haile Fanta,+15027183529,true,61,Haile,Fenta,TBD, TBD, TX, 75000
181,Hamelmal Assefa,+14698674279,false,,,,
182,Haile W/gebriel,+14694079021,false,,,,
183,Haregu Ayalew,+14692688950,false,,,,
184,Haylay Weldu,+12147793331,true,241,Hailay,Woldu,
185,Helen Teklu,+13123949098,false,,,,
186,Helen Weldu,+14692798246,true,34,Afework,Desta,TBD, TBD, TX, 75000
187,Helen Welensea,+17049537375,false,,,,
188,Henok G/her ,+13188208266,false,,,,
189,Henok Tameru,+12147839780,true,92,Fana,Solomon,
190,Hewan Haileslase,+15125216281,true,246,Hewan,Haileslase,
191,Hewan Church,+19455427308,true,29,Hewon,Hailesilasie,TBD, TBD, TX, 75000
192,Hewen Beyene ,+13018065580,false,,,,
193,Hibst Taye,+12145274587,false,,,,
194,Hintsa G/medhin,+12146801420,true,165,Hintsa,Gebremedhin,
195,Hiwet Gidey,+14692351308,false,,,,
196,Hiwot Ermias's wife,+12145495004,false,,,,
197,Hiwot Gebrekirstos,+12147154470,false,,,,
198,Hizkias Tadesse,+12147303277,false,,,,
199,Hunta Gebermadhine,+12145584475,false,,,,
200,Israel Alemayehu,+16513999048,true,247,Israel,Alemayehu,
201,Kalayu G/her,+19728030733,false,,,,
202,Kalkidan G/her Berhe,+14694456282,false,,,,
203,Kesete Gebremariam,+14694277877,true,249,Kesete,G/Silassi,
204, Kesis Tadese Araya,+19727414113,true,331,Tadesse,Araya,3410 Hillddale Ln, Garland, TX, 75042
205,Kesis Seyfu G/ezher,+19728093326,true,327,Seifu,Gebreegziabher,2303 RED OAK LN, RICHARDSON, TX, 75082
206,Kewanit Tsehay,+14699556303,false,,,,
207,Kibra Hadush,+19723633092,false,,,,
208,Kibrom Desta,+19723570222,true,251,Kibrom,Desta,
209,Kibrom Gabriel,+19723909208,false,,,,
210,Kibrom Camera,+19728018541,false,,,,
211,Kidist Tsehaye,+12145740499,true,118,Kidist,Tsehay,
212,Kindeya Techan,+12146014871,true,254,Kindeya,N.Techan,
213,Kiros Berhe,+15125861582,false,,,,
214,Kiros Haylay,+16142141695,true,255,Kiros,Gebregewergis,
215,Kiros Meshesha,+17043459378,false,,,,
216,Laya Berhe,+12142325660,true,368,Lia,Berhe,6718 EASTRIDGE DR APT 2, DALLAS, TX, 75231
217,Lemlem Berhe,+19729720992,false,,,,
218,Lemelem Semere,+14699920935,true,258,Lemlem,Semere,
219,Lemlem Pharmasist,+14693714117,false,,,,
220,Letay,+12149001257,true,33,Letay,Birhane,TBD, TBD, TX, 75000
221,Letay Hagos,+14695448295,true,8,Letay,Hagos,TBD, TBD, TX, 75000
222,Letay Negash,+12143366124,true,259,Letay,Negash,
223,Letay Tensay,+19723307760,true,102,Letay,Tensay,
224,Letebrhan Gesesse,+14695565891,false,,,,
225,Letebrhan Yihdego,+12142839480,false,,,,
226,Like Hagos,+14693631074,false,,,,
227,Mahlet Esayas's wife,+14699514264,true,261,Mahlet,Yohannes,
228,Makda Yohannes,+12144549790,true,87,Azeb,Tesfay,
229,Martha Berhe ,+14695586863,false,,,,
230,Martha Mesfin,+14693445581,true,262,Martha,Gebru,
231,Maryamawit,+12144344004,false,,,,
232,Maza Abera,+16303792942,false,,,,
233,Meareg ,+14694073831,false,,,,
234,Meareg Birhane,+12148547881,false,,,,
235,Meareg Kidanemariam,+14698785963,true,214,Dawit,Kidane,
236,Meareg Yalew,+19729928235,true,337,Meareg,Yalew,610 Seminole Trl, Murphy, TX, 75094
237,Meaza Abera,+14698883430,true,80,helu,Gebremeskel,4405 Carmel st, Dallas , Tx, 76040
238,Meaza Berhe,+14694417698,true,332,Meaza,Berehe,1108 Lake Whitney Dr, Wylie, TX, 75098
239,Meaza Fanta,+12142131874,true,53,Meaza,Gezahegn,TBD, TBD, TX, 75000
240,Mebrahtu Berhe,+15102589572,false,,,,
241,Mebrat  Bahlanana,+12148869098,false,,,,
242,Mebrat Dabo,+14692790337,false,,,,
243,Mebrihit Haile G/mariam,+15096900463,KMKS TRACKING LLCtrue,264,Mebrhit,Gebremariam,160 Stevenson Dr, Fate, TX, 75087
244,Mehari G/mariam ,+12145660874,true,180,Mehari,Gebremariam,
245,Mekdes Woldu,+19722777448,true,266,Mekdes,G/Mariam,
246,Mekonen G/Kidane (DR.),+14692795669,true,166,Mekonen,Gebrekidan,
247,Melkam Berhe,+14698268133,false,,,,
248,Menbere Yeabyo,+16178494574,false,,,,
249,Menge Solomon,+12066063687,false,,,,
250,Mengis Tesfay,+19725090671,false,,,,
251,Mengsteab Hagos,+17209357619,true,267,Mengstab,Hagos,1211 Mobile Ln, Wylie, TX, 75098
252,Mengistu Alemayehu,+14699396475,true,133,Mengistu,Alemayehu,112 Enchanted Forest Dr, wylie, TX, 75098
253,Meron W.selassie,+12147728603,true,38,Meron,Weldselase,TBD, TBD, TX, 75000
254,Meresa W/michael,+14694503896,true,57,Meresa,Weldemichael,TBD, TBD, TX, 75000
255,Merhawi G/mariam,+14046508093,true,268,Merhawi,GebreMariam,
256,Mezgebe (DR.),+12147739692,false,,,,
257,Michael Ebuy,+19453277231,true,175,Michael,Sebho,
258,Michael Kidane,+12145662565,true,270,Michael,Kidane,
259,Michael G/selassie G/meskel ,+14696825242,false,,,,
260,Mieraf Haile,+14699395302,false,,,,
261,Mihirti W/rufaiel ,+12149315030,false,,,,
262,Miletetsega Haile,+12066410794,true,347,Miletezega,Haile,TX
263,Mimi Church,+12146056528,false,,,,
264,Mimi Kidane,+12142882201,false,,,,
265,Mimi Yifter,+19724814927,false,,,,
266,Mirtnesh Kidanemariam,+14696500771,true,119,Mirtnesh,Kidanemariam,
267, Misgina ,+14694320839,false,,,,
268,Misgina W/gerima,+12148815409,true,109,Misghna,Welegerima,
269,Mogos Habte,+12145806675,false,,,,
270,Muez Hadgu,+14695142217,false,,,,
271,Mulu Forthworth,+18172044291,false,,,,
272,Mulu G/egzeabher,+14695543506,true,271,Mulu,GebreEgzeabher,
273,Mulubirhan Zerihun,+18582981481,true,272,Mulubirhan,Zerihun,
274,Mulugeta W/hiwot ,+12143155097,true,273,Mulugeta,W/Hiwot,
275,Muluwerk Desta,+14322716760,true,274,Muluwork,Desta,
276,Mussie G/michael,+19723028968,false,,,,
277,Negaa Bezabeh,+14698773453,false,,,,
278,Negasi K/Marium,+19726726313,false,,,,
279,Negash Hadgu,+17173441276,true,275,Negash,Hadgu,
280,Netsanet Kidane,+12146090718,false,,,,
281,Nekahiwot Gezehegn,+14694416048,true,168,Zufan,Sebhat,
282,Nigisti Ayele,+12146977867,false,,,,
283,Nigisti Hadgu,+14693608130,false,,,,
284,Rahel Asfaw,+12143979265,false,,,,
285,Rahwa Sundayschool,+12027510424,false,,,,
286,Rahwa,+17027853412,false,,,,
287,Rahwa Shire,+18325916203,false,,,,
288,Rewina Girmay,+12023616629,false,,,,
289,Rezan G/tsadik,+12142352749,false,,,,
290,Rigat Gebermedhin,+12143684389,false,,,,
291,Rita Shoulders ,+14695165586,false,,,,
292, Ribka Mesele,+12145315963,true,277,Rbka,Mesele,
293,Roman Abraha,+18174548234,false,,,,
294,Roman Tekea's wife,+12143360068,false,,,,
295,Saba,+12147276512,false,,,,
296,Saba Fre's ,+12142292711,false,,,,
297,Saba Mesfin Church,+14044547636,false,,,,
298,Sabella Wossen,+12147348902,false,,,,
299,Sammy Bezabeh,+19726038286,true,282,Sammy,Bezabeh,
300,Samrawit,+19724801150,false,,,,
301,Sara ,+14697201648,false,,,,
302,Sara Abraha,+14692799167,false,,,,
303,Sara Geberhiwot,+19729714487,false,,,,
304,Sara Hagos,+14699527944,false,,,,
305,Sara Teklu,+18603368009,false,,,,
306,Sara Mesfin,+14044547635,true,285,Sara,Mesfin,609 Beau Dr, Wylie, TX, 75098
307,Segen Habteab,+14698671758,false,,,,
308,Segenet Hadera Zeratsion,+14698555138,true,286,Segenet,Zeratsion,
309,Selam Beyene,+14698109370,false,,,,
310,Selam G/eyesus,+14698182003,true,127,Selam,Asgedom,
311,Selam Berhe,+14693217935,true,233,Gezahegn,Abay,
312, Selam Afewerk,+12145837011,false,,,,
313,Selam Mesfin,+19724085869,true,287,Selam,Mesfin,
314,Selamawit Hagos,+14699510834,true,157,Selamawit,Hagos,
315,Selamawit Tadesse,+14693630760,false,,,,
316,Semere Desta,+14694166592,true,290,Semere,Belay,
317,Like Tiguhan Semere,+17203972026,false,,,,
318,Senait Mekelle,+14693091637,true,36,Senayt,Berhe,TBD, TBD, TX, 75000
319,Senait Mesfin,+14697744623,false,,,,
320,Shashu,+14088360829,false,,,,
321,Shewit,+12062281553,false,,,,
322,Simon Sebhat,+17033407506,true,291,Simon,Sebhat,
323,Simon Gessesew,+14695565979,false,,,,
324,Sirak Taddele Hagos,+14699529424,false,,,,
325,Sisay Tiku,+14692685331,true,292,Sisay,Tiku,
326,Sophia Zerihun,+12149980042,true,212,Christiyana,Bruk,
327,Sofi Emiru,+12142935616,false,,,,
328,Solomon Assefa,+12146033490,false,,,,
329,Solomon Gebremedhin,+14693962012,true,293,Solomon,GebremMedhin,
330,Solomon Kahaso ,+14086771983,true,288,Selemon,Kahaso,
331,Solomon Gebreselassie,+12067517952,true,66,Solomon,Gebreslasie,10867 N Central Expy, 117, Dallas, TX, 75231
332,Solomon Tesfaye,+14696711748,true,294,Solomon,Tesfaye,
333,Solyana Gebrewubet,+12405793264,false,,,,
334,Samrawit Kidane,+18322339076,false,,,,
335,Tadele Nega,+12149291533,false,,,,
336,Tadele Zegeye,+12145526580,false,,,,
337,Tadesse Kidane,+14062747010,true,364,Tadesse,Kidane,TX
338,Tadesse Tsehai,+12149230608,false,,,,
339,Tafesse Bahta,+12147273681,true,328,Tafese,Bahita,1527 high country ln, Allen , TX, 75002
340,Tarikua Tesfay,+12145848850,false,,,,
341,Tedros Abrha,+14696039938,false,,,,
342,Tedros Hishe,+12146060459,false,,,,
343,Tekea Beyene,+12144485959,true,296,Tekea,Beyene,
344,Tekea Reta,+13413561126,true,297,Tekie,Reta,
345,Teklay Assefa,+14693289335,false,,,,
346,Teklemariam Beyene,+12146060746,false,,,,
347,Teklemariam Tesfai,+14077195667,true,298,Teklemariam,Tesfay,129 Iris Dr, Wylie, TX, 75098
348,Teklu Gezahager,+12143509943,false,,,,
349,Temesgen Hailu,+14695565099,false,,,,
350,Temesgen Lake,+14692377495,false,,,,
351,Temnit ,+12149312570,true,306,Timnit,Alemayoh,
352,Tena Dirar,+17867599288,true,299,Tena,Derar,
353,Tesfalidet Tareke,+19723309538,false,,,,
354,Tesfamichael G/giorgis,+12147133118,false,,,,
355,Tesfay Markos,+19406429766,true,301,Tesfay,Markos,4117 Crystal Ln, Garland, TX, 75043
356,Tesfay Yeheysh,+12144545526,false,,,,
357,Tesfay Yikuno ,+14693586673,false,,,,
358,Teshager A. Muruts,+13102517207,true,78,Teshager,Muruts,458 winterwood dr, Lavon, Texas, 75166
359,Teshome Ayalew,+12147140222,true,366,Teshome,Ayalew,TX
360,Teum Amare Mirach,+18173449462,false,,,,
361,Tewolde Eyakiem,+14697335536,false,,,,
362,Tewolde,+12145176610,true,45,Tewelde ,Zeru,TBD, TBD, TX, 75000
363,Tewolde Tesfay,+19725697321,false,,,,
364,Tikabo Giorgis,+12143171145,true,295,Tekabo,Giorgis,
365,Tigist Kahsaye,+12148452878,false,,,,
366,Tigist Fitsum,+14693459962,false,,,,
367,Tilahum Arefayneh ,+12145468437,true,305,Tilahun,Tedla,
368,Tirhas Gebresilasse,+12144982834,true,307,Tirhas,Gebresilassie,
369,Tirhas WeldeGebriel ,+12147254373,false,,,,
370,Tirhas Woldu ,+14697740370,true,138,Tirhas,Woldu,
371,Tiruye Kebede,+12147429042,false,,,,
372,Tsega,+14077902318,false,,,,
373,Tsega G/silase,+14697390551,false,,,,
374,Tsegay Tesfay,+14699963239,false,,,,
375,Tsegay W.Gabriel,+14693580644,false,,,,
376, Tsedal Miki,+15715681680,false,,,,
377,Tsegazeab Tsewene,+14694785934,true,152,Zaab,Weldegebrial,331 Houston St, Lavon, TX, 75166
378,Tsegazeab Kelelom,+12028677246,true,51,Tsegazeab,Gidey,TBD, TBD, TX, 75000
379,Tsegazaab W.,+16318279234,false,,,,
380,Tsigabu Woldekidan,+12145624173,true,308,Tsigabu,Gebremariam,6036 Durango Dr, The Colony, Texas, 75056
381,Tsige Teame,+17014419933,false,,,,
382,Tsige Yemane,+17026010007,false,,,,
383, Tsigereda Abera,+18144035331,false,,,,
384,Tsigereda Zeratsion,+12143959500,true,351,Tsgereda,Zeratsion,TX
385,Wederyelesh,+13185721369,false,,,,
386,Werku Antelay,+19406427079,false,,,,
387,Weyni ,+16056330503,true,344,Weini,Derso,TX
388,Yalem Tedla,+14695569123,true,191,Alem,Tedla,
389,Yared Berhe,+12146296942,false,,,,
390,Yared Hagos,+14699395416,false,,,,
391,Yared Tessfalidet,+14696570713,false,,,,
392,Yared Wudu,+18577536377,false,,,,
393,Yayne Weldezgina,+19723398245,false,,,,
394,Yemane Weldemichael,+14696848204,true,123,Mulu,Negasi,
395,Yeshi Zerihun,+19728158206,true,182,Yeshi,Zerihun,5418 Kentcroft Drive, , Garland, garland, TX, 75043-5347
396,Yirga Kassa,+12149917485,false,,,,
397,Yirgalem G/egziabher,+14695088151,false,,,,
398,Yirgalem Kassa,+14697329760,true,4,Ruth,Berhe,TBD, TBD, TX, 75000
399,Yodit Asfaw,+12142993477,true,316,Yodit,Kidane,
400,Yodit Kassa,+12083532225,false,,,,
401,Yohannes Almaz,+12144047129,true,106,Yohannes,Gebresilassie,
402,Yohannes G/selassie,+14045430559,true,77,Almaz,Ertro,1089 Old Oaks Dr, Forney, TX, 75126
403,Yohannes Weldgerima,+16027721523,true,317,Yohannes,Weldgerima,
404,Yonas Haile,+14694636254,false,,,,
405,Yonathan Haile,+18064451210,false,,,,
406,Yosef Church,+19452532589,true,333,Yoseph,Alene,Flanagan Dr, Forney, TX, 75126
407,Yosef Hadgu,+18177914787,false,,,,
408,Yordanos Kifle,+14697161373,false,,,,
409,Zafu Tadesse,+14693963559,false,,,,
410,Zekiros Guangul,+14699515335,false,,,,
411,Zelalem Woldu ,+14693608415,false,,,,
412,Zelalem Woldeselassie,+14048190962,false,,,,
413,Zenebu,+12147146234,false,,,,
414,Zerai Berhe,+12148788759,false,,,,
415,Zimam Kebede,+12142588415,true,321,Zimame,Kebede(Gezahgn),
416,Zinash Woldeyohannes,+12147254488,false,,,,
417,Zufan  ,+12543276770,true,37,Zufan,Kiros,TBD, TBD, TX, 75000
418,Zufan ,+15127347426,false,,,,
419,Zufan A,+16823953492,true,50,Zufan,Ashebir,TBD, TBD, TX, 75000
420,Zufan Assefa,+12086139634,true,21,Zufan,Assefa,TBD, TBD, TX, 75000
421,Zuriash ,+19728060716,false,,,,