No	Name	Phone	
			
1	Aba Yemanebirhan	469-767-6563	
2	Abeba Abreham	469-767-6564	
3	Abeba Desalegn	469-767-6565	
4	Abeba Mesfin	469-767-6566	
5	Abeba Tesfay	469-767-6567	
6	Abeba G/meskel 	469-767-6568	
7	Abrha Daniel	469-767-6569	
8	Abraham Haile	469-767-6570	
9	Abraham Kidanu	469-767-6571	
10	Abraham Woldegebriel	469-767-6572	
11	Abrehet Haile Gebru	469-767-6573	
12	Addisu Dagnehegn	469-767-6574	
13	Adisu Tesfay	469-767-6575	
14	Adonias Tadesse	469-767-6576	
15	Adonay	469-767-6577	
16	Afewerk Gebremedhin	469-767-6578	
17	Alem Gessese	469-767-6579	
18	Alem Kesete	469-767-6580	
19	Alem Kidane	469-767-6581	
20	Alem Tesfay	469-767-6582	
21	Alemayoh Abraha Solomon	469-767-6583	
22	Alemayoh Brhane	469-767-6584	
23	Alemseged Kassa	469-767-6585	
24	Alex Hadera	469-767-6586	
25	Alexander Beyne	469-767-6587	
26	Almaz Berhane's Mother	469-767-6588	
27	Almaz G/Egziher	469-767-6589	
28	Almaz Gebremedhin	469-767-6590	
29	Almaz Gebreyohannes	469-767-6591	
30	Almaz Tsefay	469-767-6592	
31	Aman Fikadu	469-767-6593	
32	Aman Hagos	469-767-6594	
33	Amanuel G/kirstos	469-767-6595	
34	Amanuel Negash	469-767-6596	
35	Amha Hailey 	469-767-6597	
36	Amarech Aregawi	469-767-6598	
37	Amelewerk Negash	469-767-6599	
38	Ananya	469-767-6600	
39	Andom Berhe	469-767-6601	
40	Aowlnset Tsehaye	469-767-6602	
41	Araya Gebre	469-767-6603	
42	Arefayne Guangul	469-767-6604	
43	Deacon Aron	469-767-6605	
44	Asefash Berhe	469-767-6606	
45	Asmait Techan	469-767-6607	
46	Assefa Beyene	469-767-6608	
47	Aster Fitsum	469-767-6609	
48	Atsede Girmay	469-767-6610	
49	Atsede G/hiwot	469-767-6611	
50	Atakilti Alemayehu	469-767-6612	
51	Awot G/silass	469-767-6613	
52	Azeb Abera	469-767-6614	
53	Azeb G/michael	469-767-6615	
54	Azeb Haile	469-767-6616	
55	Azeb Ray	469-767-6617	
56	Azeb Tesfay	469-767-6618	
57	Azeb Tsige	469-767-6619	
58	Beletu	469-767-6620	
59	Belay Gessesew	469-767-6621	
60	Berhan	469-767-6622	
61	Berhane Alemayehu	469-767-6623	
62	Berhane Demoz 	469-767-6624	
63	Berhane Hagos	469-767-6625	
64	Berhane H/selasie	469-767-6626	
65	Berihu Gidey (Araya)	469-767-6627	
66	Bethlehem Haile	469-767-6628	
67	Bilen Bezabeh	469-767-6629	
68	Biniam Kalayu	469-767-6630	
69	Birihti Beyene 	469-767-6631	
70	Birkti G/mariam 	469-767-6632	
71	Biruk Gebre	469-767-6633	
72	Biruk Tilahun	469-767-6634	
73	Biruktawit Leake	469-767-6635	
74	Bisrat	469-767-6636	
75	Bisrat Meles	469-767-6637	
76	Bisrat Mezgebe	469-767-6638	
77	Bitewat Aynalem	469-767-6639	
78	Bitewat Berhane	469-767-6640	
79	Chanyalew Girmay	469-767-6641	
80	Daniel Fanta	469-767-6642	
81	Daniel G/micheal	469-767-6643	
82	Daniel Hadera	469-767-6644	
83	Daniel Kidane	469-767-6645	
84	Daniel Kiros	469-767-6646	
85	Dawit	469-767-6647	
86	Dawit Abraham	469-767-6648	
87	Dawit Fshaye	469-767-6649	
88	Dawit Kidane	469-767-6650	
89	Dawit Tekle	469-767-6651	
90	Dawit Yifter	469-767-6652	
91	Dawit Assefa Zeweldi	469-767-6653	
92	Degefu Gebreyesuse	469-767-6654	
93	Degefu Kassahun	469-767-6655	
94	Degu	469-767-6656	
95	Dehab Mohammed	469-767-6657	
96	Desta Gebregzeabher	469-767-6658	
97	Desta Zelelew	469-767-6659	
98	Desta Weldegiorgis	469-767-6660	
99	Ermias Abay	469-767-6661	
100	Eden Kassa	469-767-6662	
101	Eden Welday	469-767-6663	
102	Eden Gebru	469-767-6664	
103	Eden Gesesse	469-767-6665	
104	Eden Leake	469-767-6666	
105	Eden Mengesha	469-767-6667	
106	Eleni Gebru	469-767-6668	
107	Eleni Teklu	469-767-6669	
108	Eleni Berhe	469-767-6670	
109	Elsa Arlington	469-767-6671	
110	Elsa Haile	469-767-6672	
111	Elsa Kasa	469-767-6673	
112	Elsa Niguse	469-767-6674	
113	Elsa Tesfay	469-767-6675	
114	Elsa Zerihun	469-767-6676	
115	Elsabeth Ayalew	469-767-6677	
116	Ephrem W.giorgis	469-767-6678	
117	Erimias Abraha	469-767-6679	
118	Eshetu Berhe	469-767-6680	
119	Essayas Tewelde	469-767-6681	
120	Eyerus (church)	469-767-6682	
121	Eyerusalem Tadesse	469-767-6683	
122	Eyerusalem Hagos	469-767-6684	
123	Eyrusalem Yohannes	469-767-6685	
124	Fana G/mariam	469-767-6686	
125	Fessehaye Woldu	469-767-6687	
126	Fettlework Tesfay	469-767-6688	
127	Fikrte Merkato	469-767-6689	
128	Fireweyni Adhanom	469-767-6690	
129	Fireweyni Fiseha	469-767-6691	
130	Fireweyni Kassa	469-767-6692	
131	Fireweyni Semere	469-767-6693	
132	Fireweyni Habte	469-767-6694	
133	Fish  Berhane	469-767-6695	
134	Fitsum Biadgelegn	469-767-6696	
135	Fitsum Mesfin	469-767-6697	
136	Fitsum Nebabu Gezahegn	469-767-6698	
137	Fitsum Gezahegn	469-767-6699	
138	Fitsum Woldu	469-767-6700	
139	Fiyori Gebrelibanos	469-767-6701	
140	Freweyni Tesfay	469-767-6702	
141	Gebre 	469-767-6703	
142	Gebreaftse Gebremedhin	469-767-6704	
143	Gebregiorgis G/kidan	469-767-6705	
144	Gebrehiwet Fili	469-767-6706	
145	Gebrehiwet Gebreyesus	469-767-6707	
146	Gebrehiwot Hintsa 	469-767-6708	
147	Gebrehiwot G/mariam	469-767-6709	
148	Gebrekiros W/gebriel	469-767-6710	
149	Gebremaskel Tesfamichael	469-767-6711	
150	Gebremedhin Araya	469-767-6712	
151	Gebreyesus Kahsay	469-767-6713	
152	Gebrezgabiher Marcos 	469-767-6714	
153	Gebru Kahsay	469-767-6715	
154	Genet	469-767-6716	
155	Genet Beyene Teklu	469-767-6717	
156	Genet Hagos	469-767-6718	
157	Genet G/amlak	469-767-6719	
158	Genet G/hiwot's wife	469-767-6720	
159	Genet Habtu	469-767-6721	
160	Genet Mengisteab	469-767-6722	
161	Genet Gebrewubet	469-767-6723	
162	Genet T Habtu	469-767-6724	
163	George	469-767-6725	
164	Gessessow Seged	469-767-6726	
165	Gezae Mana	469-767-6727	
166	Gezhagen Gebre	469-767-6728	
167	Giotom Abreha	469-767-6729	
168	Gnbow Worki	469-767-6730	
169	Goitom Abraha	469-767-6731	
170	Habte Dr.	469-767-6732	
171	Hadas Berhe 	469-767-6733	
172	Hadas Fili	469-767-6734	
173	Hadera Abera Abay	469-767-6735	
174	Hadera Gidey	469-767-6736	
175	Haftom Abay	469-767-6737	
176	Haftu Tafere	469-767-6738	
177	Hagos B. Haile 	469-767-6739	
178	Haile G/tsadik	469-767-6740	
179	Haile Gebretsadik	469-767-6741	
180	Haile Fanta	469-767-6742	
181	Hamelmal Assefa	469-767-6743	
182	Haile W/gebriel	469-767-6744	
183	Haregu Ayalew	469-767-6745	
184	Haylay Weldu	469-767-6746	
185	Helen Teklu	469-767-6747	
186	Helen Weldu	469-767-6748	
187	Helen Welensea	469-767-6749	
188	Henok G/her 	469-767-6750	
189	Henok Tameru	469-767-6751	
190	Hewan Haileslase	469-767-6752	
191	Hewan Church	469-767-6753	
192	Hewen Beyene 	469-767-6754	
193	Hibst Taye	469-767-6755	
194	Hintsa G/medhin	469-767-6756	
195	Hiwet Gidey	469-767-6757	
196	Hiwot Ermias's wife	469-767-6758	
197	Hiwot Gebrekirstos	469-767-6759	
198	Hizkias Tadesse	469-767-6760	
199	Hunta Gebermadhine	469-767-6761	
200	Israel Alemayehu	469-767-6762	
201	Kalayu G/her	469-767-6763	
202	Kalkidan G/her Berhe	469-767-6764	
203	Kesete Gebremariam	469-767-6765	
204	 Kesis Tadese Araya	469-767-6766	
205	Kesis Seyfu G/ezher	469-767-6767	
206	Kewanit Tsehay	469-767-6768	
207	Kibra Hadush	469-767-6769	
208	Kibrom Desta	469-767-6770	
209	Kibrom Gabriel	469-767-6771	
210	Kibrom Camera	469-767-6772	
211	Kidist Tsehaye	469-767-6773	
212	Kindeya Techan	469-767-6774	
213	Kiros Berhe	469-767-6775	
214	Kiros Haylay	469-767-6776	
215	Kiros Meshesha	469-767-6777	
216	Laya Berhe	469-767-6778	
217	Lemlem Berhe	469-767-6779	
218	Lemelem Semere	469-767-6780	
219	Lemlem Pharmasist	469-767-6781	
220	Letay	469-767-6782	
221	Letay Hagos	469-767-6783	
222	Letay Negash	469-767-6784	
223	Letay Tensay	469-767-6785	
224	Letebrhan Gesesse	469-767-6786	
225	Letebrhan Yihdego	469-767-6787	
226	Like Hagos	469-767-6788	
227	Mahlet Esayas's wife	469-767-6789	
228	Makda Yohannes	469-767-6790	
229	Martha Berhe 	469-767-6791	
230	Martha Mesfin	469-767-6792	
231	Maryamawit	469-767-6793	
232	Maza Abera	469-767-6794	
233	Meareg 	469-767-6795	
234	Meareg Birhane	469-767-6796	
235	Meareg Kidanemariam	469-767-6797	
236	Meareg Yalew	469-767-6798	
237	Meaza Abera	469-767-6799	
238	Meaza Berhe	469-767-6800	
239	Meaza Fanta	469-767-6801	
240	Mebrahtu Berhe	469-767-6802	
241	Mebrat  Bahlanana	469-767-6803	
242	Mebrat Dabo	469-767-6804	
243	Mebrihit Haile G/mariam	469-767-6805	KMKS TRACKING LLC
244	Mehari G/mariam 	469-767-6806	
245	Mekdes Woldu	469-767-6807	
246	Mekonen G/Kidane (DR.)	469-767-6808	
247	Melkam Berhe	469-767-6809	
248	Menbere Yeabyo	469-767-6810	
249	Menge Solomon	469-767-6811	
250	Mengis Tesfay	469-767-6812	
251	Mengsteab Hagos	469-767-6813	
252	Mengistu Alemayehu	469-767-6814	
253	Meron W.selassie	469-767-6815	
254	Meresa W/michael	469-767-6816	
255	Merhawi G/mariam	469-767-6817	
256	Mezgebe (DR.)	469-767-6818	
257	Michael Ebuy	469-767-6819	
258	Michael Kidane	469-767-6820	
259	Michael G/selassie G/meskel 	469-767-6821	
260	Mieraf Haile	469-767-6822	
261	Mihirti W/rufaiel 	469-767-6823	
262	Miletetsega Haile	469-767-6824	
263	Mimi Church	469-767-6825	
264	Mimi Kidane	469-767-6826	
265	Mimi Yifter	469-767-6827	
266	Mirtnesh Kidanemariam	469-767-6828	
267	 Misgina 	469-767-6829	
268	Misgina W/gerima	469-767-6830	
269	Mogos Habte	469-767-6831	
270	Muez Hadgu	469-767-6832	
271	Mulu Forthworth	469-767-6833	
272	Mulu G/egzeabher	469-767-6834	
273	Mulubirhan Zerihun	469-767-6835	
274	Mulugeta W/hiwot 	469-767-6836	
275	Muluwerk Desta	469-767-6837	
276	Mussie G/michael	469-767-6838	
277	Negaa Bezabeh	469-767-6839	
278	Negasi K/Marium	469-767-6840	
279	Negash Hadgu	469-767-6841	
280	Netsanet Kidane	469-767-6842	
281	Nekahiwot Gezehegn	469-767-6843	
282	Nigisti Ayele	469-767-6844	
283	Nigisti Hadgu	469-767-6845	
284	Rahel Asfaw	469-767-6846	
285	Rahwa Sundayschool	469-767-6847	
286	Rahwa	469-767-6848	
287	Rahwa Shire	469-767-6849	
288	Rewina Girmay	469-767-6850	
289	Rezan G/tsadik	469-767-6851	
290	Rigat Gebermedhin	469-767-6852	
291	Rita Shoulders 	469-767-6853	
292	 Ribka Mesele	469-767-6854	
293	Roman Abraha	469-767-6855	
294	Roman Tekea's wife	469-767-6856	
295	Saba	469-767-6857	
296	Saba Fre's 	469-767-6858	
297	Saba Mesfin Church	469-767-6859	
298	Sabella Wossen	469-767-6860	
299	Sammy Bezabeh	469-767-6861	
300	Samrawit	469-767-6862	
301	Sara 	469-767-6863	
302	Sara Abraha	469-767-6864	
303	Sara Geberhiwot	469-767-6865	
304	Sara Hagos	469-767-6866	
305	Sara Teklu	469-767-6867	
306	Sara Mesfin	469-767-6868	
307	Segen Habteab	469-767-6869	
308	Segenet Hadera Zeratsion	469-767-6870	
309	Selam Beyene	469-767-6871	
310	Selam G/eyesus	469-767-6872	
311	Selam Berhe	469-767-6873	
312	 Selam Afewerk	469-767-6874	
313	Selam Mesfin	469-767-6875	
314	Selamawit Hagos	469-767-6876	
315	Selamawit Tadesse	469-767-6877	
316	Semere Desta	469-767-6878	
317	Like Tiguhan Semere	469-767-6879	
318	Senait Mekelle	469-767-6880	
319	Senait Mesfin	469-767-6881	
320	Shashu	469-767-6882	
321	Shewit	469-767-6883	
322	Simon Sebhat	469-767-6884	
323	Simon Gessesew	469-767-6885	
324	Sirak Taddele Hagos	469-767-6886	
325	Sisay Tiku	469-767-6887	
326	Sophia Zerihun	469-767-6888	
327	Sofi Emiru	469-767-6889	
328	Solomon Assefa	469-767-6890	
329	Solomon Gebremedhin	469-767-6891	
330	Solomon Kahaso 	469-767-6892	
331	Solomon Gebreselassie	469-767-6893	
332	Solomon Tesfaye	469-767-6894	
333	Solyana Gebrewubet	469-767-6895	
334	Samrawit Kidane	469-767-6896	
335	Tadele Nega	469-767-6897	
336	Tadele Zegeye	469-767-6898	
337	Tadesse Kidane	469-767-6899	
338	Tadesse Tsehai	469-767-6900	
339	Tafesse Bahta	469-767-6901	
340	Tarikua Tesfay	469-767-6902	
341	Tedros Abrha	469-767-6903	
342	Tedros Hishe	469-767-6904	
343	Tekea Beyene	469-767-6905	
344	Tekea Reta	469-767-6906	
345	Teklay Assefa	469-767-6907	
346	Teklemariam Beyene	469-767-6908	
347	Teklemariam Tesfai	469-767-6909	
348	Teklu Gezahager	469-767-6910	
349	Temesgen Hailu	469-767-6911	
350	Temesgen Lake	469-767-6912	
351	Temnit 	469-767-6913	
352	Tena Dirar	469-767-6914	
353	Tesfalidet Tareke	469-767-6915	
354	Tesfamichael G/giorgis	469-767-6916	
355	Tesfay Markos	469-767-6917	
356	Tesfay Yeheysh	469-767-6918	
357	Tesfay Yikuno 	469-767-6919	
358	Teshager A. Muruts	469-767-6920	
359	Teshome Ayalew	469-767-6921	
360	Teum Amare Mirach	469-767-6922	
361	Tewolde Eyakiem	469-767-6923	
362	Tewolde	469-767-6924	
363	Tewolde Tesfay	469-767-6925	
364	Tikabo Giorgis	469-767-6926	
365	Tigist Kahsaye	469-767-6927	
366	Tigist Fitsum	469-767-6928	
367	Tilahum Arefayneh 	469-767-6929	
368	Tirhas Gebresilasse	469-767-6930	
369	Tirhas WeldeGebriel 	469-767-6931	
370	Tirhas Woldu 	469-767-6932	
371	Tiruye Kebede	469-767-6933	
372	Tsega	469-767-6934	
373	Tsega G/silase	469-767-6935	
374	Tsegay Tesfay	469-767-6936	
375	Tsegay W.Gabriel	469-767-6937	
376	 Tsedal Miki	469-767-6938	
377	Tsegazeab Tsewene	469-767-6939	
378	Tsegazeab Kelelom	469-767-6940	
379	Tsegazaab W.	469-767-6941	
380	Tsigabu Woldekidan	469-767-6942	
381	Tsige Teame	469-767-6943	
382	Tsige Yemane	469-767-6944	
383	 Tsigereda Abera	469-767-6945	
384	Tsigereda Zeratsion	469-767-6946	
385	Wederyelesh	469-767-6947	
386	Werku Antelay	469-767-6948	
387	Weyni 	469-767-6949	
388	Yalem Tedla	469-767-6950	
389	Yared Berhe	469-767-6951	
390	Yared Hagos	469-767-6952	
391	Yared Tessfalidet	469-767-6953	
392	Yared Wudu	469-767-6954	
393	Yayne Weldezgina	469-767-6955	
394	Yemane Weldemichael	469-767-6956	
395	Yeshi Zerihun	469-767-6957	
396	Yirga Kassa	469-767-6958	
397	Yirgalem G/egziabher	469-767-6959	
398	Yirgalem Kassa	469-767-6960	
399	Yodit Asfaw	469-767-6961	
400	Yodit Kassa	469-767-6962	
401	Yohannes Almaz	469-767-6963	
402	Yohannes G/selassie	469-767-6964	
403	Yohannes Weldgerima	469-767-6965	
404	Yonas Haile	469-767-6966	
405	Yonathan Haile	469-767-6967	
406	Yosef Church	469-767-6968	
407	Yosef Hadgu	469-767-6969	
408	Yordanos Kifle	469-767-6970	
409	Zafu Tadesse	469-767-6971	
410	Zekiros Guangul	469-767-6972	
411	Zelalem Woldu 	469-767-6973	
412	Zelalem Woldeselassie	469-767-6974	
413	Zenebu	469-767-6975	
414	Zerai Berhe	469-767-6976	
415	Zimam Kebede	469-767-6977	
416	Zinash Woldeyohannes	469-767-6978	
417	Zufan  	469-767-6979	
418	Zufan 	469-767-6980	
419	Zufan A	469-767-6981	
420	Zufan Assefa	469-767-6982	
421	Zuriash 	469-767-6983	