No,Name,Phone,
,,,
1,Aba Yemanebirhan,+14697676563,
2,Abeba Abreham,+14692337296,
3,Abeba Desalegn,+14694922535,
4,Abeba Mesfin,+14698266815,
5,Abeba Tesfay,+19729006022,
6,Abeba G/meskel ,+14258292220,
7,Abrha Daniel,+16418192266,
8,Abraham Haile,+14693601356,
9,Abraham Kidanu,+14692580028,
10,Abraham Woldegebriel,+12542293622,
11,Abrehet Haile Gebru,+12148593303,
12,Addisu Dagnehegn,+14692453356,
13,Adisu Tesfay,+15717769576,
14,Adonias Tadesse,+14695442155,
15,Adonay,+14699676625,
16,Afewerk Gebremedhin,+12145806184,
17,Alem Gessese,+19792130808,
18,Alem Kesete,+14695070365,
19,Alem Kidane,+14699529112,
20,Alem Tesfay,+12147579142,
21,Alemayoh Abraha Solomon,+12145516276,
22,Alemayoh Brhane,+14686771983,
23,Alemseged Kassa,+12142643195,
24,Alex Hadera,+14693284148,
25,Alexander Beyne,+14696028515,
26,Almaz Berhane's Mother,+14693479591,
27,Almaz G/Egziher,+19728093269,
28,Almaz Gebremedhin,+14693309511,
29,Almaz Gebreyohannes,+14694497739,
30,Almaz Tsefay,+14699393483,
31,Aman Fikadu,+12062344888,
32,Aman Hagos,+14696539888,
33,Amanuel G/kirstos,+13612208499,
34,Amanuel Negash,+12675889402,
35,Amha Hailey ,+19728242436,
36,Amarech Aregawi,+14696846197,
37,Amelewerk Negash,+19727438047,
38,Ananya,+14695448081,
39,Andom Berhe,+17202167616,
40,Aowlnset Tsehaye,+19729529332,
41,Araya Gebre,+14695444972,
42,Arefayne Guangul,+19452250443,
43,Deacon Aron,+12066659106,
44,Asefash Berhe,+12145193332,
45,Asmait Techan,+14695858044,
46,Assefa Beyene,+14692329533,
47,Aster Fitsum,+14694222131,
48,Atsede Girmay,+14693500293,
49,Atsede G/hiwot,+13236335685,
50,Atakilti Alemayehu,+12142836128,
51,Awot G/silass,+14087752431,
52,Azeb Abera,+19723704850,
53,Azeb G/michael,+14699461183,
54,Azeb Haile,+12147430074,
55,Azeb Ray,+12144366140,
56,Azeb Tesfay,+19724158910,
57,Azeb Tsige,+19725090571,
58,Beletu,+14698103830,
59,Belay Gessesew,+12145584405,
60,Berhan,+15128885846,
61,Berhane Alemayehu,+19722075155,
62,Berhane Demoz ,+12145426598,
63,Berhane Hagos,+12147171615,
64,Berhane H/selasie,+14692334703,
65,Berihu Gidey (Araya),+12145004823,
66,Bethlehem Haile,+12143923736,
67,Bilen Bezabeh,+14693639651,
68,Biniam Kalayu,+14692350438,
69,Birihti Beyene ,+12146030244,
70,Birkti G/mariam ,+12142129800,
71,Biruk Gebre,+15852870931,
72,Biruk Tilahun,+12149947533,
73,Biruktawit Leake,+12147134040,
74,Bisrat,+14045435685,
75,Bisrat Meles,+12148452359,
76,Bisrat Mezgebe,+17187758634,
77,Bitewat Aynalem,+19723756058,
78,Bitewat Berhane,+12145470819,
79,Chanyalew Girmay,+14698783472,
80,Daniel Fanta,+12145761177,
81,Daniel G/micheal,+12143175303,
82,Daniel Hadera,+12679754005,
83,Daniel Kidane,+16172853106,
84,Daniel Kiros,+12145781177,
85,Dawit,+14695457256,
86,Dawit Abraham,+12144507647,
87,Dawit Fshaye,+15129389057,
88,Dawit Kidane,+14638785963,
89,Dawit Tekle,+19723307411,
90,Dawit Yifter,+14699078229,
91,Dawit Assefa Zeweldi,+18603368010,
92,Degefu Gebreyesuse,+12145750141,
93,Degefu Kassahun,+14699392174,
94,Degu,+19406347173,
95,Dehab Mohammed,+12143155477,
96,Desta Gebregzeabher,+14693606627,
97,Desta Zelelew,+12142140687,
98,Desta Weldegiorgis,+16418191591,
99,Ermias Abay,+19728498457,
100,Eden Kassa,+12146796610,
101,Eden Welday,+12147899778,
102,Eden Gebru,+14087577260,
103,Eden Gesesse,+16173198953,
104,Eden Leake,+14694413415,
105,Eden Mengesha,+12145177079,
106,Eleni Gebru,+14694716779,
107,Eleni Teklu,+15103568730,
108,Eleni Berhe,+12147131851,
109,Elsa Arlington,+18179197313,
110,Elsa Haile,+14692317046,
111,Elsa Kasa,+14697747998,
112,Elsa Niguse,+14693488679,
113,Elsa Tesfay,+12145431754,
114,Elsa Zerihun,+14696735505,
115,Elsabeth Ayalew,+14695545153,
116,Ephrem W.giorgis,+12147721579,
117,Erimias Abraha,+19728498457,
118,Eshetu Berhe,+12147992485,
119,Essayas Tewelde,+12146630744,
120,Eyerus (church),+14692307589,
121,Eyerusalem Tadesse,+12146682424,
122,Eyerusalem Hagos,+14692716322,
123,Eyrusalem Yohannes,+14695446733,
124,Fana G/mariam,+14696056873,
125,Fessehaye Woldu,+12147155884,
126,Fettlework Tesfay,+12146869025,
127,Fikrte Merkato,+14694322094,
128,Fireweyni Adhanom,+12147708403,
129,Fireweyni Fiseha,+14692306671,
130,Fireweyni Kassa,+12147323884,
131,Fireweyni Semere,+18177303694,
132,Fireweyni Habte,+14697672070,
133,Fish  Berhane,+15598016235,
134,Fitsum Biadgelegn,+14698675429,
135,Fitsum Mesfin,+14694946034,
136,Fitsum Nebabu Gezahegn,+14694345723,
137,Fitsum Gezahegn,+14697561632,
138,Fitsum Woldu,+12147701440,
139,Fiyori Gebrelibanos,+14696617607,
140,Freweyni Tesfay,+14692262926,
141,Gebre ,+12143368098,
142,Gebreaftse Gebremedhin,+12146060459,
143,Gebregiorgis G/kidan,+12142810985,
144,Gebrehiwet Fili,+14692039460,
145,Gebrehiwet Gebreyesus,+14693248542,
146,Gebrehiwot Hintsa ,+12145584475,
147,Gebrehiwot G/mariam,+15854859628,
148,Gebrekiros W/gebriel,+12146826754,
149,Gebremaskel Tesfamichael,+12142151360,
150,Gebremedhin Araya,+14692125884,
151,Gebreyesus Kahsay,+14695287614,
152,Gebrezgabiher Marcos ,+12149719646,
153,Gebru Kahsay,+12149918015,
154,Genet,+14695447340,
155,Genet Beyene Teklu,+12144047890,
156,Genet Hagos,+12144555643,
157,Genet G/amlak,+12145523120,
158,Genet G/hiwot's wife,+14694944586,
159,Genet Habtu,+12144543833,
160,Genet Mengisteab,+14694933952,
161,Genet Gebrewubet,+14694654313,
162,Genet T Habtu,+19725999686,
163,George,+19727045987,
164,Gessessow Seged,+14695565918,
165,Gezae Mana,+19729788395,
166,Gezhagen Gebre,+12145977083,
167,Giotom Abreha,+19727777408,
168,Gnbow Worki,+14698181645,
169,Goitom Abraha,+19722777408,
170,Habte Dr.,+14696679896,
171,Hadas Berhe ,+12145174838,
172,Hadas Fili,+14692337735,
173,Hadera Abera Abay,+12149230813,
174,Hadera Gidey,+16822212646,
175,Haftom Abay,+12407819422,
176,Haftu Tafere,+12147141051,
177,Hagos B. Haile ,+13036481190,
178,Haile G/tsadik,+14695140343,
179,Haile Gebretsadik,+14698789852,
180,Haile Fanta,+15027183529,
181,Hamelmal Assefa,+14698674279,
182,Haile W/gebriel,+14694079021,
183,Haregu Ayalew,+14692688950,
184,Haylay Weldu,+12147793331,
185,Helen Teklu,+13123949098,
186,Helen Weldu,+14692798246,
187,Helen Welensea,+17049537375,
188,Henok G/her ,+13188208266,
189,Henok Tameru,+12147839780,
190,Hewan Haileslase,+15125216281,
191,Hewan Church,+19455427308,
192,Hewen Beyene ,+13018065580,
193,Hibst Taye,+12145274587,
194,Hintsa G/medhin,+12146801420,
195,Hiwet Gidey,+14692351308,
196,Hiwot Ermias's wife,+12145495004,
197,Hiwot Gebrekirstos,+12147154470,
198,Hizkias Tadesse,+12147303277,
199,Hunta Gebermadhine,+12145584475,
200,Israel Alemayehu,+16513999048,
201,Kalayu G/her,+19728030733,
202,Kalkidan G/her Berhe,+14694456282,
203,Kesete Gebremariam,+14694277877,
204, Kesis Tadese Araya,+19727414113,
205,Kesis Seyfu G/ezher,+19728093326,
206,Kewanit Tsehay,+14699556303,
207,Kibra Hadush,+19723633092,
208,Kibrom Desta,+19723570222,
209,Kibrom Gabriel,+19723909208,
210,Kibrom Camera,+19728018541,
211,Kidist Tsehaye,+12145740499,
212,Kindeya Techan,+12146014871,
213,Kiros Berhe,+15125861582,
214,Kiros Haylay,+16142141695,
215,Kiros Meshesha,+17043459378,
216,Laya Berhe,+12142325660,
217,Lemlem Berhe,+19729720992,
218,Lemelem Semere,+14699920935,
219,Lemlem Pharmasist,+14693714117,
220,Letay,+12149001257,
221,Letay Hagos,+14695448295,
222,Letay Negash,+12143366124,
223,Letay Tensay,+19723307760,
224,Letebrhan Gesesse,+14695565891,
225,Letebrhan Yihdego,+12142839480,
226,Like Hagos,+14693631074,
227,Mahlet Esayas's wife,+14699514264,
228,Makda Yohannes,+12144549790,
229,Martha Berhe ,+14695586863,
230,Martha Mesfin,+14693445581,
231,Maryamawit,+12144344004,
232,Maza Abera,+16303792942,
233,Meareg ,+14694073831,
234,Meareg Birhane,+12148547881,
235,Meareg Kidanemariam,+14698785963,
236,Meareg Yalew,+19729928235,
237,Meaza Abera,+14698883430,
238,Meaza Berhe,+14694417698,
239,Meaza Fanta,+12142131874,
240,Mebrahtu Berhe,+15102589572,
241,Mebrat  Bahlanana,+12148869098,
242,Mebrat Dabo,+14692790337,
243,Mebrihit Haile G/mariam,+15096900463,KMKS TRACKING LLC
244,Mehari G/mariam ,+12145660874,
245,Mekdes Woldu,+19722777448,
246,Mekonen G/Kidane (DR.),+14692795669,
247,Melkam Berhe,+14698268133,
248,Menbere Yeabyo,+16178494574,
249,Menge Solomon,+12066063687,
250,Mengis Tesfay,+19725090671,
251,Mengsteab Hagos,+17209357619,
252,Mengistu Alemayehu,+14699396475,
253,Meron W.selassie,+12147728603,
254,Meresa W/michael,+14694503896,
255,Merhawi G/mariam,+14046508093,
256,Mezgebe (DR.),+12147739692,
257,Michael Ebuy,+19453277231,
258,Michael Kidane,+12145662565,
259,Michael G/selassie G/meskel ,+14696825242,
260,Mieraf Haile,+14699395302,
261,Mihirti W/rufaiel ,+12149315030,
262,Miletetsega Haile,+12066410794,
263,Mimi Church,+12146056528,
264,Mimi Kidane,+12142882201,
265,Mimi Yifter,+19724814927,
266,Mirtnesh Kidanemariam,+14696500771,
267, Misgina ,+14694320839,
268,Misgina W/gerima,+12148815409,
269,Mogos Habte,+12145806675,
270,Muez Hadgu,+14695142217,
271,Mulu Forthworth,+18172044291,
272,Mulu G/egzeabher,+14695543506,
273,Mulubirhan Zerihun,+18582981481,
274,Mulugeta W/hiwot ,+12143155097,
275,Muluwerk Desta,+14322716760,
276,Mussie G/michael,+19723028968,
277,Negaa Bezabeh,+14698773453,
278,Negasi K/Marium,+19726726313,
279,Negash Hadgu,+17173441276,
280,Netsanet Kidane,+12146090718,
281,Nekahiwot Gezehegn,+14694416048,
282,Nigisti Ayele,+12146977867,
283,Nigisti Hadgu,+14693608130,
284,Rahel Asfaw,+12143979265,
285,Rahwa Sundayschool,+12027510424,
286,Rahwa,+17027853412,
287,Rahwa Shire,+18325916203,
288,Rewina Girmay,+12023616629,
289,Rezan G/tsadik,+12142352749,
290,Rigat Gebermedhin,+12143684389,
291,Rita Shoulders ,+14695165586,
292, Ribka Mesele,+12145315963,
293,Roman Abraha,+18174548234,
294,Roman Tekea's wife,+12143360068,
295,Saba,+12147276512,
296,Saba Fre's ,+12142292711,
297,Saba Mesfin Church,+14044547636,
298,Sabella Wossen,+12147348902,
299,Sammy Bezabeh,+19726038286,
300,Samrawit,+19724801150,
301,Sara ,+14697201648,
302,Sara Abraha,+14692799167,
303,Sara Geberhiwot,+19729714487,
304,Sara Hagos,+14699527944,
305,Sara Teklu,+18603368009,
306,Sara Mesfin,+14044547635,
307,Segen Habteab,+14698671758,
308,Segenet Hadera Zeratsion,+14698555138,
309,Selam Beyene,+14698109370,
310,Selam G/eyesus,+14698182003,
311,Selam Berhe,+14693217935,
312, Selam Afewerk,+12145837011,
313,Selam Mesfin,+19724085869,
314,Selamawit Hagos,+14699510834,
315,Selamawit Tadesse,+14693630760,
316,Semere Desta,+14694166592,
317,Like Tiguhan Semere,+17203972026,
318,Senait Mekelle,+14693091637,
319,Senait Mesfin,+14697744623,
320,Shashu,+14088360829,
321,Shewit,+12062281553,
322,Simon Sebhat,+17033407506,
323,Simon Gessesew,+14695565979,
324,Sirak Taddele Hagos,+14699529424,
325,Sisay Tiku,+14692685331,
326,Sophia Zerihun,+12149980042,
327,Sofi Emiru,+12142935616,
328,Solomon Assefa,+12146033490,
329,Solomon Gebremedhin,+14693962012,
330,Solomon Kahaso ,+14086771983,
331,Solomon Gebreselassie,+12067517952,
332,Solomon Tesfaye,+14696711748,
333,Solyana Gebrewubet,+12405793264,
334,Samrawit Kidane,+18322339076,
335,Tadele Nega,+12149291533,
336,Tadele Zegeye,+12145526580,
337,Tadesse Kidane,+14062747010,
338,Tadesse Tsehai,+12149230608,
339,Tafesse Bahta,+12147273681,
340,Tarikua Tesfay,+12145848850,
341,Tedros Abrha,+14696039938,
342,Tedros Hishe,+12146060459,
343,Tekea Beyene,+12144485959,
344,Tekea Reta,+13413561126,
345,Teklay Assefa,+14693289335,
346,Teklemariam Beyene,+12146060746,
347,Teklemariam Tesfai,+14077195667,
348,Teklu Gezahager,+12143509943,
349,Temesgen Hailu,+14695565099,
350,Temesgen Lake,+14692377495,
351,Temnit ,+12149312570,
352,Tena Dirar,+17867599288,
353,Tesfalidet Tareke,+19723309538,
354,Tesfamichael G/giorgis,+12147133118,
355,Tesfay Markos,+19406429766,
356,Tesfay Yeheysh,+12144545526,
357,Tesfay Yikuno ,+14693586673,
358,Teshager A. Muruts,+13102517207,
359,Teshome Ayalew,+12147140222,
360,Teum Amare Mirach,+18173449462,
361,Tewolde Eyakiem,+14697335536,
362,Tewolde,+12145176610,
363,Tewolde Tesfay,+19725697321,
364,Tikabo Giorgis,+12143171145,
365,Tigist Kahsaye,+12148452878,
366,Tigist Fitsum,+14693459962,
367,Tilahum Arefayneh ,+12145468437,
368,Tirhas Gebresilasse,+12144982834,
369,Tirhas WeldeGebriel ,+12147254373,
370,Tirhas Woldu ,+14697740370,
371,Tiruye Kebede,+12147429042,
372,Tsega,+14077902318,
373,Tsega G/silase,+14697390551,
374,Tsegay Tesfay,+14699963239,
375,Tsegay W.Gabriel,+14693580644,
376, Tsedal Miki,+15715681680,
377,Tsegazeab Tsewene,+14694785934,
378,Tsegazeab Kelelom,+12028677246,
379,Tsegazaab W.,+16318279234,
380,Tsigabu Woldekidan,+12145624173,
381,Tsige Teame,+17014419933,
382,Tsige Yemane,+17026010007,
383, Tsigereda Abera,+18144035331,
384,Tsigereda Zeratsion,+12143959500,
385,Wederyelesh,+13185721369,
386,Werku Antelay,+19406427079,
387,Weyni ,+16056330503,
388,Yalem Tedla,+14695569123,
389,Yared Berhe,+12146296942,
390,Yared Hagos,+14699395416,
391,Yared Tessfalidet,+14696570713,
392,Yared Wudu,+18577536377,
393,Yayne Weldezgina,+19723398245,
394,Yemane Weldemichael,+14696848204,
395,Yeshi Zerihun,+19728158206,
396,Yirga Kassa,+12149917485,
397,Yirgalem G/egziabher,+14695088151,
398,Yirgalem Kassa,+14697329760,
399,Yodit Asfaw,+12142993477,
400,Yodit Kassa,+12083532225,
401,Yohannes Almaz,+12144047129,
402,Yohannes G/selassie,+14045430559,
403,Yohannes Weldgerima,+16027721523,
404,Yonas Haile,+14694636254,
405,Yonathan Haile,+18064451210,
406,Yosef Church,+19452532589,
407,Yosef Hadgu,+18177914787,
408,Yordanos Kifle,+14697161373,
409,Zafu Tadesse,+14693963559,
410,Zekiros Guangul,+14699515335,
411,Zelalem Woldu ,+14693608415,
412,Zelalem Woldeselassie,+14048190962,
413,Zenebu,+12147146234,
414,Zerai Berhe,+12148788759,
415,Zimam Kebede,+12142588415,
416,Zinash Woldeyohannes,+12147254488,
417,Zufan  ,+12543276770,
418,Zufan ,+15127347426,
419,Zufan A,+16823953492,
420,Zufan Assefa,+12086139634,
421,Zuriash ,+19728060716,