No,Name,Phone,
,,,
1,Aba Yemanebirhan,469-767-6563,
2,Abeba Abreham,469-233-7296,
3,Abeba Desalegn,469-492-2535,
4,Abeba Mesfin,469-826-6815,
5,Abeba Tesfay,972-900-6022,
6,Abeba G/meskel ,425-829-2220,
7,Abrha Daniel,641-819-2266,
8,Abraham Haile,469-360-1356,
9,Abraham Kidanu,469-258-0028,
10,Abraham Woldegebriel,254-229-3622,
11,Abrehet Haile Gebru,214-859-3303,
12,Addisu Dagnehegn,469-245-3356,
13,Adisu Tesfay,571-776-9576,
14,Adonias Tadesse,469-544-2155,
15,Adonay,469-967-6625,
16,Afewerk Gebremedhin,214-580-6184,
17,Alem Gessese,979-213-0808,
18,Alem Kesete,469-507-0365,
19,Alem Kidane,469-952-9112,
20,Alem Tesfay,214-757-9142,
21,Alemayoh Abraha Solomon,214-551-6276,
22,Alemayoh Brhane,468-677-1983,
23,Alemseged Kassa,214-264-3195,
24,Alex Hadera,469-328-4148,
25,Alexander Beyne,469-602-8515,
26,Almaz Berhane's Mother,469-347-9591,
27,Almaz G/Egziher,972-809-3269,
28,Almaz Gebremedhin,469-330-9511,
29,Almaz Gebreyohannes,469-449-7739,
30,Almaz Tsefay,469-939-3483,
31,Aman Fikadu,206-234-4888,
32,Aman Hagos,469-653-9888,
33,Amanuel G/kirstos,361-220-8499,
34,Amanuel Negash,267-588-9402,
35,Amha Hailey ,972-824-2436,
36,Amarech Aregawi,469-684-6197,
37,Amelewerk Negash,972-743-8047,
38,Ananya,469-544-8081,
39,Andom Berhe,720-216-7616,
40,Aowlnset Tsehaye,972-952-9332,
41,Araya Gebre,469-544-4972,
42,Arefayne Guangul,945-225-0443,
43,Deacon Aron,206-665-9106,
44,Asefash Berhe,214-519-3332,
45,Asmait Techan,469-585-8044,
46,Assefa Beyene,469-232-9533,
47,Aster Fitsum,469-422-2131,
48,Atsede Girmay,469-350-0293,
49,Atsede G/hiwot,323-633-5685,
50,Atakilti Alemayehu,214-283-6128,
51,Awot G/silass,408-775-2431,
52,Azeb Abera,972-370-4850,
53,Azeb G/michael,469-946-1183,
54,Azeb Haile,214-743-0074,
55,Azeb Ray,214-436-6140,
56,Azeb Tesfay,972-415-8910,
57,Azeb Tsige,972-509-0571,
58,Beletu,469-810-3830,
59,Belay Gessesew,214-558-4405,
60,Berhan,512-888-5846,
61,Berhane Alemayehu,972-207-5155,
62,Berhane Demoz ,214-542-6598,
63,Berhane Hagos,214-717-1615,
64,Berhane H/selasie,469-233-4703,
65,Berihu Gidey (Araya),214-500-4823,
66,Bethlehem Haile,214-392-3736,
67,Bilen Bezabeh,469-363-9651,
68,Biniam Kalayu,469-235-0438,
69,Birihti Beyene ,214-603-0244,
70,Birkti G/mariam ,214-212-9800,
71,Biruk Gebre,585-287-0931,
72,Biruk Tilahun,214-994-7533,
73,Biruktawit Leake,214-713-4040,
74,Bisrat,404-543-5685,
75,Bisrat Meles,214-845-2359,
76,Bisrat Mezgebe,718-775-8634,
77,Bitewat Aynalem,972-375-6058,
78,Bitewat Berhane,214-547-0819,
79,Chanyalew Girmay,469-878-3472,
80,Daniel Fanta,214-576-1177,
81,Daniel G/micheal,214-317-5303,
82,Daniel Hadera,267-975-4005,
83,Daniel Kidane,617-285-3106,
84,Daniel Kiros,214-578-1177,
85,Dawit,469-545-7256,
86,Dawit Abraham,214-450-7647,
87,Dawit Fshaye,512-938-9057,
88,Dawit Kidane,463-878-5963,
89,Dawit Tekle,972-330-7411,
90,Dawit Yifter,469-907-8229,
91,Dawit Assefa Zeweldi,860-336-8010,
92,Degefu Gebreyesuse,214-575-0141,
93,Degefu Kassahun,469-939-2174,
94,Degu,940-634-7173,
95,Dehab Mohammed,214-315-5477,
96,Desta Gebregzeabher,469-360-6627,
97,Desta Zelelew,214-214-0687,
98,Desta Weldegiorgis,641-819-1591,
99,Ermias Abay,972 849 8457,
100,Eden Kassa,214-679-6610,
101,Eden Welday,214-789-9778,
102,Eden Gebru,408-757-7260,
103,Eden Gesesse,617-319-8953,
104,Eden Leake,469-441-3415,
105,Eden Mengesha,214-517-7079,
106,Eleni Gebru,469-471-6779,
107,Eleni Teklu,510-356-8730,
108,Eleni Berhe,214-713-1851,
109,Elsa Arlington,817-919-7313,
110,Elsa Haile,469-231-7046,
111,Elsa Kasa,469-774-7998,
112,Elsa Niguse,469-348-8679,
113,Elsa Tesfay,214-543-1754,
114,Elsa Zerihun,469-673-5505,
115,Elsabeth Ayalew,469-554-5153,
116,Ephrem W.giorgis,214-772-1579,
117,Erimias Abraha,972-849-8457,
118,Eshetu Berhe,214-799-2485,
119,Essayas Tewelde,214-663-0744,
120,Eyerus (church),469-230-7589,
121,Eyerusalem Tadesse,214-668-2424,
122,Eyerusalem Hagos,469-271-6322,
123,Eyrusalem Yohannes,469-544-6733,
124,Fana G/mariam,469-605-6873,
125,Fessehaye Woldu,214-715-5884,
126,Fettlework Tesfay,214-686-9025,
127,Fikrte Merkato,469-432-2094,
128,Fireweyni Adhanom,214-770-8403,
129,Fireweyni Fiseha,469-230-6671,
130,Fireweyni Kassa,214-732-3884,
131,Fireweyni Semere,817-730-3694,
132,Fireweyni Habte,469-767-2070,
133,Fish  Berhane,559-801-6235,
134,Fitsum Biadgelegn,469-867-5429,
135,Fitsum Mesfin,469-494-6034,
136,Fitsum Nebabu Gezahegn,469-434-5723,
137,Fitsum Gezahegn,469-756-1632,
138,Fitsum Woldu,214-770-1440,
139,Fiyori Gebrelibanos,469-661-7607,
140,Freweyni Tesfay,469-226-2926,
141,Gebre ,214-336-8098,
142,Gebreaftse Gebremedhin,214-606-0459,
143,Gebregiorgis G/kidan,214-281-0985,
144,Gebrehiwet Fili,469-203-9460,
145,Gebrehiwet Gebreyesus,469-324-8542,
146,Gebrehiwot Hintsa ,214-558-4475 ,
147,Gebrehiwot G/mariam,585-485-9628,
148,Gebrekiros W/gebriel,214-682-6754,
149,Gebremaskel Tesfamichael,214-215-1360,
150,Gebremedhin Araya,469-212-5884,
151,Gebreyesus Kahsay,469-528-7614,
152,Gebrezgabiher Marcos ,214-971-9646,
153,Gebru Kahsay,214-991-8015,
154,Genet,469-544-7340,
155,Genet Beyene Teklu,214-404-7890,
156,Genet Hagos,214-455-5643,
157,Genet G/amlak,214-552-3120,
158,Genet G/hiwot's wife,469-494-4586,
159,Genet Habtu,214-454-3833,
160,Genet Mengisteab,469-493-3952,
161,Genet Gebrewubet,469-465-4313,
162,Genet T Habtu,972-599-9686,
163,George,972-704-5987,
164,Gessessow Seged,469-556-5918 ,
165,Gezae Mana,972-978-8395,
166,Gezhagen Gebre,214-597-7083,
167,Giotom Abreha,972-777-7408,
168,Gnbow Worki,469-818-1645,
169,Goitom Abraha,972-277-7408,
170,Habte Dr.,469-667-9896,
171,Hadas Berhe ,214-517-4838,
172,Hadas Fili,469-233-7735,
173,Hadera Abera Abay,214-923-0813,
174,Hadera Gidey,682-221-2646,
175,Haftom Abay,240-781-9422,
176,Haftu Tafere,214-714-1051 ,
177,Hagos B. Haile ,303-648-1190,
178,Haile G/tsadik,469-514-0343,
179,Haile Gebretsadik,469-878-9852,
180,Haile Fanta,502-718-3529,
181,Hamelmal Assefa,469-867-4279,
182,Haile W/gebriel,469-407-9021,
183,Haregu Ayalew,469-268-8950,
184,Haylay Weldu,214-779-3331,
185,Helen Teklu,312-394-9098,
186,Helen Weldu,469-279-8246,
187,Helen Welensea,704-953-7375,
188,Henok G/her ,318-820-8266,
189,Henok Tameru,214-783-9780,
190,Hewan Haileslase,512-521-6281,
191,Hewan Church,945-542-7308,
192,Hewen Beyene ,301-806-5580,
193,Hibst Taye,214-527-4587,
194,Hintsa G/medhin,214-680-1420,
195,Hiwet Gidey,469-235-1308,
196,Hiwot Ermias's wife,214-549-5004,
197,Hiwot Gebrekirstos,214-715-4470,
198,Hizkias Tadesse,214-730-3277,
199,Hunta Gebermadhine,214-558-4475,
200,Israel Alemayehu,651-399-9048,
201,Kalayu G/her,972-803-0733,
202,Kalkidan G/her Berhe,469-445-6282,
203,Kesete Gebremariam,469-427-7877,
204, Kesis Tadese Araya,972-741-4113,
205,Kesis Seyfu G/ezher,972-809-3326,
206,Kewanit Tsehay,469-955-6303,
207,Kibra Hadush,972-363-3092,
208,Kibrom Desta,972-357-0222,
209,Kibrom Gabriel,972-390-9208,
210,Kibrom Camera,972-801-8541,
211,Kidist Tsehaye,214-574-0499,
212,Kindeya Techan,214-601-4871,
213,Kiros Berhe,512-586-1582,
214,Kiros Haylay,614-214-1695,
215,Kiros Meshesha,704-345-9378,
216,Laya Berhe,214-232-5660,
217,Lemlem Berhe,972-972-0992,
218,Lemelem Semere,469-992-0935,
219,Lemlem Pharmasist,469-371-4117,
220,Letay,214-900-1257,
221,Letay Hagos,469-544-8295,
222,Letay Negash,214-336-6124,
223,Letay Tensay,972-330-7760,
224,Letebrhan Gesesse,469-556-5891,
225,Letebrhan Yihdego,214-283-9480,
226,Like Hagos,469-363-1074,
227,Mahlet Esayas's wife,469-951-4264,
228,Makda Yohannes,214-454-9790,
229,Martha Berhe ,469-558-6863,
230,Martha Mesfin,469-344-5581,
231,Maryamawit,214-434-4004,
232,Maza Abera,630-379-2942,
233,Meareg ,469-407-3831,
234,Meareg Birhane,214-854-7881,
235,Meareg Kidanemariam,469-878-5963,
236,Meareg Yalew,972-992-8235 ,
237,Meaza Abera,469-888-3430,
238,Meaza Berhe,469-441-7698,
239,Meaza Fanta,214-213-1874,
240,Mebrahtu Berhe,510-258-9572,
241,Mebrat  Bahlanana,214-886-9098,
242,Mebrat Dabo,469-279-0337,
243,Mebrihit Haile G/mariam,509-690-0463,KMKS TRACKING LLC
244,Mehari G/mariam ,214-566-0874,
245,Mekdes Woldu,972-277-7448,
246,Mekonen G/Kidane (DR.),469-279-5669,
247,Melkam Berhe,469-826-8133,
248,Menbere Yeabyo,617-849-4574,
249,Menge Solomon,206-606-3687,
250,Mengis Tesfay,972-509-0671,
251,Mengsteab Hagos,720-935-7619,
252,Mengistu Alemayehu,469-939-6475,
253,Meron W.selassie,214-772-8603,
254,Meresa W/michael,469-450-3896,
255,Merhawi G/mariam,404-650-8093,
256,Mezgebe (DR.),214-773-9692,
257,Michael Ebuy,945-327-7231,
258,Michael Kidane,214-566-2565,
259,Michael G/selassie G/meskel ,469-682-5242,
260,Mieraf Haile,469-939-5302,
261,Mihirti W/rufaiel ,214-931-5030,
262,Miletetsega Haile,206-641-0794,
263,Mimi Church,214-605-6528,
264,Mimi Kidane,214-288-2201,
265,Mimi Yifter,972-481-4927,
266,Mirtnesh Kidanemariam,469-650-0771,
267, Misgina ,469-432-0839,
268,Misgina W/gerima,214-881-5409,
269,Mogos Habte,214-580-6675,
270,Muez Hadgu,469-514-2217,
271,Mulu Forthworth,817-204-4291,
272,Mulu G/egzeabher,469-554-3506,
273,Mulubirhan Zerihun,858-298-1481,
274,Mulugeta W/hiwot ,214-315-5097 ,
275,Muluwerk Desta,432-271-6760,
276,Mussie G/michael,972-302-8968,
277,Negaa Bezabeh,469-877-3453,
278,Negasi K/Marium,972-672-6313,
279,Negash Hadgu,717-344-1276,
280,Netsanet Kidane,214-609-0718,
281,Nekahiwot Gezehegn,469-441-6048,
282,Nigisti Ayele,214-697-7867,
283,Nigisti Hadgu,469-360-8130,
284,Rahel Asfaw,214-397-9265,
285,Rahwa Sundayschool,202-751-0424,
286,Rahwa,702-785-3412,
287,Rahwa Shire,832-591-6203,
288,Rewina Girmay,202-361-6629,
289,Rezan G/tsadik,214-235-2749,
290,Rigat Gebermedhin,214-368-4389,
291,Rita Shoulders ,469-516-5586,
292, Ribka Mesele,214-531-5963,
293,Roman Abraha,817-454-8234,
294,Roman Tekea's wife,214-336-0068,
295,Saba,214-727-6512,
296,Saba Fre's ,214-229- 2711,
297,Saba Mesfin Church,404-454-7636,
298,Sabella Wossen,214 734 8902 ,
299,Sammy Bezabeh,972-603-8286,
300,Samrawit,972-480-1150,
301,Sara ,469-720-1648,
302,Sara Abraha,469-279-9167,
303,Sara Geberhiwot,972-971-4487,
304,Sara Hagos,469-952-7944,
305,Sara Teklu,860-336-8009,
306,Sara Mesfin,404-454-7635,
307,Segen Habteab,469-867-1758,
308,Segenet Hadera Zeratsion,469-855-5138,
309,Selam Beyene,469-810-9370,
310,Selam G/eyesus,469-818-2003,
311,Selam Berhe,469-321-7935,
312, Selam Afewerk,214-583-7011,
313,Selam Mesfin,972- 408-5869,
314,Selamawit Hagos,469-951-0834,
315,Selamawit Tadesse,469-363-0760,
316,Semere Desta,469-416-6592,
317,Like Tiguhan Semere,720-397-2026,
318,Senait Mekelle,469-309-1637,
319,Senait Mesfin,469-774-4623,
320,Shashu,408-836-0829,
321,Shewit,206-228-1553,
322,Simon Sebhat,703-340-7506,
323,Simon Gessesew,469-556-5979,
324,Sirak Taddele Hagos,469-952-9424,
325,Sisay Tiku,469-268-5331,
326,Sophia Zerihun,214-998-0042,
327,Sofi Emiru,214-293-5616,
328,Solomon Assefa,214-603-3490,
329,Solomon Gebremedhin,469-396-2012,
330,Solomon Kahaso ,408-677-1983,
331,Solomon Gebreselassie,206-751-7952,
332,Solomon Tesfaye,469-671-1748,
333,Solyana Gebrewubet,240-579-3264,
334,Samrawit Kidane,832-233-9076,
335,Tadele Nega,214-929-1533,
336,Tadele Zegeye,214-552-6580,
337,Tadesse Kidane,406-274-7010,
338,Tadesse Tsehai,214-923-0608,
339,Tafesse Bahta,214-727-3681,
340,Tarikua Tesfay,214-584-8850,
341,Tedros Abrha,469-603-9938,
342,Tedros Hishe, 214-606-0459,
343,Tekea Beyene,214-448-5959 ,
344,Tekea Reta,341-356-1126,
345,Teklay Assefa,469-328-9335,
346,Teklemariam Beyene,214-606-0746,
347,Teklemariam Tesfai,407-719-5667,
348,Teklu Gezahager,214-350-9943,
349,Temesgen Hailu,469-556-5099,
350,Temesgen Lake,469-237-7495,
351,Temnit ,214-931-2570,
352,Tena Dirar,786-759-9288,
353,Tesfalidet Tareke,972-330-9538,
354,Tesfamichael G/giorgis,214-713-3118,
355,Tesfay Markos,940-642-9766,
356,Tesfay Yeheysh,214-454-5526,
357,Tesfay Yikuno ,469-358-6673,
358,Teshager A. Muruts,310-251-7207,
359,Teshome Ayalew,214-714-0222,
360,Teum Amare Mirach,817-344-9462,
361,Tewolde Eyakiem,469-733-5536,
362,Tewolde,214-517-6610,
363,Tewolde Tesfay,972-569-7321,
364,Tikabo Giorgis,214-317-1145,
365,Tigist Kahsaye,214-845-2878,
366,Tigist Fitsum,469-345-9962,
367,Tilahum Arefayneh ,214-546-8437,
368,Tirhas Gebresilasse,214-498-2834,
369,Tirhas WeldeGebriel ,214 725 4373,
370,Tirhas Woldu ,469-774-0370,
371,Tiruye Kebede,214-742-9042,
372,Tsega,407-790-2318,
373,Tsega G/silase,469-739-0551,
374,Tsegay Tesfay,469-996-3239,
375,Tsegay W.Gabriel,469-358-0644,
376, Tsedal Miki,571-568-1680,
377,Tsegazeab Tsewene,469-478-5934,
378,Tsegazeab Kelelom,202-867-7246,
379,Tsegazaab W.,631-827-9234,
380,Tsigabu Woldekidan,214-562-4173,
381,Tsige Teame,701-441-9933,
382,Tsige Yemane,702-601-0007,
383, Tsigereda Abera,814-403-5331,
384,Tsigereda Zeratsion,214-395-9500,
385,Wederyelesh,318-572-1369,
386,Werku Antelay,940-642-7079,
387,Weyni ,605-633-0503,
388,Yalem Tedla,469-556-9123,
389,Yared Berhe,214-629-6942,
390,Yared Hagos,469-939-5416,
391,Yared Tessfalidet,469-657-0713,
392,Yared Wudu,857-753-6377,
393,Yayne Weldezgina,972-339-8245,
394,Yemane Weldemichael,469-684-8204,
395,Yeshi Zerihun,972-815-8206,
396,Yirga Kassa,214-991-7485,
397,Yirgalem G/egziabher,469-508-8151,
398,Yirgalem Kassa,469-732-9760,
399,Yodit Asfaw,214-299-3477,
400,Yodit Kassa,208-353-2225,
401,Yohannes Almaz,214-404-7129,
402,Yohannes G/selassie,404-543-0559,
403,Yohannes Weldgerima,602-772-1523,
404,Yonas Haile,469-463-6254,
405,Yonathan Haile,806-445-1210,
406,Yosef Church,945-253-2589,
407,Yosef Hadgu,817-791-4787,
408,Yordanos Kifle,469-716-1373,
409,Zafu Tadesse,469-396-3559,
410,Zekiros Guangul,469-951-5335,
411,Zelalem Woldu ,469-360-8415,
412,Zelalem Woldeselassie,404-819-0962,
413,Zenebu,214-714-6234,
414,Zerai Berhe,214-878-8759,
415,Zimam Kebede,214-258-8415,
416,Zinash Woldeyohannes,214-725-4488,
417,Zufan  ,254-327-6770,
418,Zufan ,512-734-7426,
419,Zufan A,682-395-3492,
420,Zufan Assefa,208-613-9634,
421,Zuriash ,972-806-0716,